[{"model": "contenttypes.contenttype", "pk": 1, "fields": {"app_label": "admin", "model": "logentry"}}, {"model": "contenttypes.contenttype", "pk": 2, "fields": {"app_label": "auth", "model": "permission"}}, {"model": "contenttypes.contenttype", "pk": 3, "fields": {"app_label": "auth", "model": "group"}}, {"model": "contenttypes.contenttype", "pk": 4, "fields": {"app_label": "auth", "model": "user"}}, {"model": "contenttypes.contenttype", "pk": 5, "fields": {"app_label": "contenttypes", "model": "contenttype"}}, {"model": "contenttypes.contenttype", "pk": 6, "fields": {"app_label": "sessions", "model": "session"}}, {"model": "contenttypes.contenttype", "pk": 7, "fields": {"app_label": "ciudad", "model": "ciudad"}}, {"model": "contenttypes.contenttype", "pk": 8, "fields": {"app_label": "ciudad", "model": "categoria"}}, {"model": "contenttypes.contenttype", "pk": 9, "fields": {"app_label": "ciudad", "model": "indicador"}}, {"model": "contenttypes.contenttype", "pk": 10, "fields": {"app_label": "ciudad", "model": "dato"}}, {"model": "sessions.session", "pk": "1ky247bvtfashrwisd6g719zepeek32i", "fields": {"session_data": "OTI5MjM3M2EyYTRkMzQwN2VlNDYxODE5ODE1ZjdjNzk3MjBlZWY0ZTp7Il9hdXRoX3VzZXJfaGFzaCI6IjBmMTUzZjUwNjljMzhhZWI4ZDcwNzUwNTJiM2M4ZGUwMTE5MDZhNDIiLCJfYXV0aF91c2VyX2JhY2tlbmQiOiJkamFuZ28uY29udHJpYi5hdXRoLmJhY2tlbmRzLk1vZGVsQmFja2VuZCIsIl9hdXRoX3VzZXJfaWQiOiIzIn0=", "expire_date": "2017-01-02T20:04:16.985Z"}}, {"model": "sessions.session", "pk": "267ylh6qd1bi42uqmrjsacnebly8qmrl", "fields": {"session_data": "MmU5ZTk4Y2E5MWU0NjYwMmIzYjljZWM5NjNmZTNmY2M1YzVhMDcwZTp7Il9hdXRoX3VzZXJfYmFja2VuZCI6ImRqYW5nby5jb250cmliLmF1dGguYmFja2VuZHMuTW9kZWxCYWNrZW5kIiwiX2F1dGhfdXNlcl9pZCI6Mn0=", "expire_date": "2016-03-18T00:50:46.806Z"}}, {"model": "sessions.session", "pk": "2gv1odagmq5bp0tuc0ed2bzxlm15lftp", "fields": {"session_data": "NmRlZTVkNGQ1NTFlZjIyYTUyODYwMTdhOTZiYjliMjE4ODBiODI5Mzp7Il9hdXRoX3VzZXJfaGFzaCI6IjU5MzYwM2JiZmI4NzdhY2QxODI2ZTRjMTEwNzFhOTc2MGZlNjk1ZjMiLCJfYXV0aF91c2VyX2JhY2tlbmQiOiJkamFuZ28uY29udHJpYi5hdXRoLmJhY2tlbmRzLk1vZGVsQmFja2VuZCIsIl9hdXRoX3VzZXJfaWQiOiIxIn0=", "expire_date": "2017-04-21T20:10:08.818Z"}}, {"model": "sessions.session", "pk": "5v7w8h181jpf1yqyrnzuyd9okufgx4td", "fields": {"session_data": "OTI5MjM3M2EyYTRkMzQwN2VlNDYxODE5ODE1ZjdjNzk3MjBlZWY0ZTp7Il9hdXRoX3VzZXJfaGFzaCI6IjBmMTUzZjUwNjljMzhhZWI4ZDcwNzUwNTJiM2M4ZGUwMTE5MDZhNDIiLCJfYXV0aF91c2VyX2JhY2tlbmQiOiJkamFuZ28uY29udHJpYi5hdXRoLmJhY2tlbmRzLk1vZGVsQmFja2VuZCIsIl9hdXRoX3VzZXJfaWQiOiIzIn0=", "expire_date": "2017-05-31T14:01:11.613Z"}}, {"model": "sessions.session", "pk": "60wo0lxw3n4uufudivbs0rdjor16yiye", "fields": {"session_data": "NDRlNTM0N2JjNWQ5OWU3YzJmMmY3MzMyMjZiNWQwZjZjMmJhYmM2Yzp7Il9hdXRoX3VzZXJfaGFzaCI6ImY2ZWU2Y2EzNzFkMjBhOGI3YmRmNjI1MmE1ZDU2NjgzMTJjNmRiZjkiLCJfYXV0aF91c2VyX2JhY2tlbmQiOiJkamFuZ28uY29udHJpYi5hdXRoLmJhY2tlbmRzLk1vZGVsQmFja2VuZCIsIl9hdXRoX3VzZXJfaWQiOjF9", "expire_date": "2016-01-21T04:01:48.868Z"}}, {"model": "sessions.session", "pk": "63cex5vb9dbwnjgypdldvptaxr6l2gy6", "fields": {"session_data": "OGI3NzU3NDhhODg5NTE5OTQzOWRjMzhiOGQ1MzQ4NWMyZGQ0MTQxZTp7Il9hdXRoX3VzZXJfaGFzaCI6IjdhYTg5ZTdmMDM2MmI0NTBmMThmZWY3OTk0YmI0M2ZhZTY2OWZjMzAiLCJfYXV0aF91c2VyX2JhY2tlbmQiOiJkamFuZ28uY29udHJpYi5hdXRoLmJhY2tlbmRzLk1vZGVsQmFja2VuZCIsIl9hdXRoX3VzZXJfaWQiOiIzIn0=", "expire_date": "2016-12-24T03:17:59.479Z"}}, {"model": "sessions.session", "pk": "ar2xztm50woei3lpdty04yf7lrwf0x0b", "fields": {"session_data": "OTI5MjM3M2EyYTRkMzQwN2VlNDYxODE5ODE1ZjdjNzk3MjBlZWY0ZTp7Il9hdXRoX3VzZXJfaGFzaCI6IjBmMTUzZjUwNjljMzhhZWI4ZDcwNzUwNTJiM2M4ZGUwMTE5MDZhNDIiLCJfYXV0aF91c2VyX2JhY2tlbmQiOiJkamFuZ28uY29udHJpYi5hdXRoLmJhY2tlbmRzLk1vZGVsQmFja2VuZCIsIl9hdXRoX3VzZXJfaWQiOiIzIn0=", "expire_date": "2017-01-02T13:36:11.235Z"}}, {"model": "sessions.session", "pk": "ars2crebrmpoemh795paynojs9xhddh7", "fields": {"session_data": "OTI5MjM3M2EyYTRkMzQwN2VlNDYxODE5ODE1ZjdjNzk3MjBlZWY0ZTp7Il9hdXRoX3VzZXJfaGFzaCI6IjBmMTUzZjUwNjljMzhhZWI4ZDcwNzUwNTJiM2M4ZGUwMTE5MDZhNDIiLCJfYXV0aF91c2VyX2JhY2tlbmQiOiJkamFuZ28uY29udHJpYi5hdXRoLmJhY2tlbmRzLk1vZGVsQmFja2VuZCIsIl9hdXRoX3VzZXJfaWQiOiIzIn0=", "expire_date": "2017-01-02T14:26:57.021Z"}}, {"model": "sessions.session", "pk": "cffk9k6tvnbbgdoez9c7sawwqrwygicg", "fields": {"session_data": "NmRlZTVkNGQ1NTFlZjIyYTUyODYwMTdhOTZiYjliMjE4ODBiODI5Mzp7Il9hdXRoX3VzZXJfaGFzaCI6IjU5MzYwM2JiZmI4NzdhY2QxODI2ZTRjMTEwNzFhOTc2MGZlNjk1ZjMiLCJfYXV0aF91c2VyX2JhY2tlbmQiOiJkamFuZ28uY29udHJpYi5hdXRoLmJhY2tlbmRzLk1vZGVsQmFja2VuZCIsIl9hdXRoX3VzZXJfaWQiOiIxIn0=", "expire_date": "2016-11-07T14:38:36.803Z"}}, {"model": "sessions.session", "pk": "cj0xo1fc7c7wesd2eh23pix6z9nbo3tm", "fields": {"session_data": "OTI5MjM3M2EyYTRkMzQwN2VlNDYxODE5ODE1ZjdjNzk3MjBlZWY0ZTp7Il9hdXRoX3VzZXJfaGFzaCI6IjBmMTUzZjUwNjljMzhhZWI4ZDcwNzUwNTJiM2M4ZGUwMTE5MDZhNDIiLCJfYXV0aF91c2VyX2JhY2tlbmQiOiJkamFuZ28uY29udHJpYi5hdXRoLmJhY2tlbmRzLk1vZGVsQmFja2VuZCIsIl9hdXRoX3VzZXJfaWQiOiIzIn0=", "expire_date": "2017-05-16T16:11:15.820Z"}}, {"model": "sessions.session", "pk": "cu16px7elulrsiq7kw6uiiorvwa2vj00", "fields": {"session_data": "NDRlNTM0N2JjNWQ5OWU3YzJmMmY3MzMyMjZiNWQwZjZjMmJhYmM2Yzp7Il9hdXRoX3VzZXJfaGFzaCI6ImY2ZWU2Y2EzNzFkMjBhOGI3YmRmNjI1MmE1ZDU2NjgzMTJjNmRiZjkiLCJfYXV0aF91c2VyX2JhY2tlbmQiOiJkamFuZ28uY29udHJpYi5hdXRoLmJhY2tlbmRzLk1vZGVsQmFja2VuZCIsIl9hdXRoX3VzZXJfaWQiOjF9", "expire_date": "2016-01-16T05:57:46.757Z"}}, {"model": "sessions.session", "pk": "d4rwpe4bcpe6nnas3nh7y0ba62g4yw8f", "fields": {"session_data": "OTI5MjM3M2EyYTRkMzQwN2VlNDYxODE5ODE1ZjdjNzk3MjBlZWY0ZTp7Il9hdXRoX3VzZXJfaGFzaCI6IjBmMTUzZjUwNjljMzhhZWI4ZDcwNzUwNTJiM2M4ZGUwMTE5MDZhNDIiLCJfYXV0aF91c2VyX2JhY2tlbmQiOiJkamFuZ28uY29udHJpYi5hdXRoLmJhY2tlbmRzLk1vZGVsQmFja2VuZCIsIl9hdXRoX3VzZXJfaWQiOiIzIn0=", "expire_date": "2017-01-02T12:19:17.513Z"}}, {"model": "sessions.session", "pk": "daayuzb5y2eq0u4nspbbydnlq7qto2r1", "fields": {"session_data": "NmRlZTVkNGQ1NTFlZjIyYTUyODYwMTdhOTZiYjliMjE4ODBiODI5Mzp7Il9hdXRoX3VzZXJfaGFzaCI6IjU5MzYwM2JiZmI4NzdhY2QxODI2ZTRjMTEwNzFhOTc2MGZlNjk1ZjMiLCJfYXV0aF91c2VyX2JhY2tlbmQiOiJkamFuZ28uY29udHJpYi5hdXRoLmJhY2tlbmRzLk1vZGVsQmFja2VuZCIsIl9hdXRoX3VzZXJfaWQiOiIxIn0=", "expire_date": "2016-04-01T20:17:25.855Z"}}, {"model": "sessions.session", "pk": "ereu1ohbg3p8jc1muzamwue3vkerel8a", "fields": {"session_data": "NmRlZTVkNGQ1NTFlZjIyYTUyODYwMTdhOTZiYjliMjE4ODBiODI5Mzp7Il9hdXRoX3VzZXJfaGFzaCI6IjU5MzYwM2JiZmI4NzdhY2QxODI2ZTRjMTEwNzFhOTc2MGZlNjk1ZjMiLCJfYXV0aF91c2VyX2JhY2tlbmQiOiJkamFuZ28uY29udHJpYi5hdXRoLmJhY2tlbmRzLk1vZGVsQmFja2VuZCIsIl9hdXRoX3VzZXJfaWQiOiIxIn0=", "expire_date": "2017-04-24T19:35:25.717Z"}}, {"model": "sessions.session", "pk": "fqusim4cxz62po9cfgwi182nkte0skz2", "fields": {"session_data": "OTI5MjM3M2EyYTRkMzQwN2VlNDYxODE5ODE1ZjdjNzk3MjBlZWY0ZTp7Il9hdXRoX3VzZXJfaGFzaCI6IjBmMTUzZjUwNjljMzhhZWI4ZDcwNzUwNTJiM2M4ZGUwMTE5MDZhNDIiLCJfYXV0aF91c2VyX2JhY2tlbmQiOiJkamFuZ28uY29udHJpYi5hdXRoLmJhY2tlbmRzLk1vZGVsQmFja2VuZCIsIl9hdXRoX3VzZXJfaWQiOiIzIn0=", "expire_date": "2017-05-19T17:13:45.874Z"}}, {"model": "sessions.session", "pk": "k1zacs44ptc59gbhkvwiew3pftbj5spo", "fields": {"session_data": "OTI5MjM3M2EyYTRkMzQwN2VlNDYxODE5ODE1ZjdjNzk3MjBlZWY0ZTp7Il9hdXRoX3VzZXJfaGFzaCI6IjBmMTUzZjUwNjljMzhhZWI4ZDcwNzUwNTJiM2M4ZGUwMTE5MDZhNDIiLCJfYXV0aF91c2VyX2JhY2tlbmQiOiJkamFuZ28uY29udHJpYi5hdXRoLmJhY2tlbmRzLk1vZGVsQmFja2VuZCIsIl9hdXRoX3VzZXJfaWQiOiIzIn0=", "expire_date": "2017-05-16T20:36:58.947Z"}}, {"model": "sessions.session", "pk": "kv8fptyp0qhtq8sqiba6k0bo4ugt007o", "fields": {"session_data": "OGI0YzU1MWZhZTFkYWViNmRiNTdkMzE5ZjgwOWYzODUwYTM3ZjJmMjp7Il9hdXRoX3VzZXJfaGFzaCI6IjdhYTg5ZTdmMDM2MmI0NTBmMThmZWY3OTk0YmI0M2ZhZTY2OWZjMzAiLCJfYXV0aF91c2VyX2lkIjoiMyIsIl9hdXRoX3VzZXJfYmFja2VuZCI6ImRqYW5nby5jb250cmliLmF1dGguYmFja2VuZHMuTW9kZWxCYWNrZW5kIn0=", "expire_date": "2016-11-07T14:40:12.091Z"}}, {"model": "sessions.session", "pk": "q7mocu4mznia8t8ixdfovroq5sqpbyhg", "fields": {"session_data": "YjQ2NzAxNWUzMmJmZmY1MzE2MWUzYTMwZDBjOWM1NWMzZDc1MGRiNzp7Il9hdXRoX3VzZXJfYmFja2VuZCI6ImRqYW5nby5jb250cmliLmF1dGguYmFja2VuZHMuTW9kZWxCYWNrZW5kIiwiX2F1dGhfdXNlcl9pZCI6MX0=", "expire_date": "2016-03-11T20:59:22.369Z"}}, {"model": "sessions.session", "pk": "shcbf30hwjcmvty8twlrl8tv93ug7uch", "fields": {"session_data": "NmRlZTVkNGQ1NTFlZjIyYTUyODYwMTdhOTZiYjliMjE4ODBiODI5Mzp7Il9hdXRoX3VzZXJfaGFzaCI6IjU5MzYwM2JiZmI4NzdhY2QxODI2ZTRjMTEwNzFhOTc2MGZlNjk1ZjMiLCJfYXV0aF91c2VyX2JhY2tlbmQiOiJkamFuZ28uY29udHJpYi5hdXRoLmJhY2tlbmRzLk1vZGVsQmFja2VuZCIsIl9hdXRoX3VzZXJfaWQiOiIxIn0=", "expire_date": "2016-12-29T19:13:11.657Z"}}, {"model": "sessions.session", "pk": "t4ntfca2eli68yj5b3blft52jhxr7p5u", "fields": {"session_data": "OTI5MjM3M2EyYTRkMzQwN2VlNDYxODE5ODE1ZjdjNzk3MjBlZWY0ZTp7Il9hdXRoX3VzZXJfaGFzaCI6IjBmMTUzZjUwNjljMzhhZWI4ZDcwNzUwNTJiM2M4ZGUwMTE5MDZhNDIiLCJfYXV0aF91c2VyX2JhY2tlbmQiOiJkamFuZ28uY29udHJpYi5hdXRoLmJhY2tlbmRzLk1vZGVsQmFja2VuZCIsIl9hdXRoX3VzZXJfaWQiOiIzIn0=", "expire_date": "2017-05-12T17:37:40.778Z"}}, {"model": "sessions.session", "pk": "vmjv1bdrks2z9usw4yiuik9h6tk1wi8b", "fields": {"session_data": "NmRlZTVkNGQ1NTFlZjIyYTUyODYwMTdhOTZiYjliMjE4ODBiODI5Mzp7Il9hdXRoX3VzZXJfaGFzaCI6IjU5MzYwM2JiZmI4NzdhY2QxODI2ZTRjMTEwNzFhOTc2MGZlNjk1ZjMiLCJfYXV0aF91c2VyX2JhY2tlbmQiOiJkamFuZ28uY29udHJpYi5hdXRoLmJhY2tlbmRzLk1vZGVsQmFja2VuZCIsIl9hdXRoX3VzZXJfaWQiOiIxIn0=", "expire_date": "2017-05-31T15:38:32.454Z"}}, {"model": "sessions.session", "pk": "vzxed0zoatfyujb0zkjfszx8e0juzef7", "fields": {"session_data": "OTI5MjM3M2EyYTRkMzQwN2VlNDYxODE5ODE1ZjdjNzk3MjBlZWY0ZTp7Il9hdXRoX3VzZXJfaGFzaCI6IjBmMTUzZjUwNjljMzhhZWI4ZDcwNzUwNTJiM2M4ZGUwMTE5MDZhNDIiLCJfYXV0aF91c2VyX2JhY2tlbmQiOiJkamFuZ28uY29udHJpYi5hdXRoLmJhY2tlbmRzLk1vZGVsQmFja2VuZCIsIl9hdXRoX3VzZXJfaWQiOiIzIn0=", "expire_date": "2017-05-18T16:09:27.778Z"}}, {"model": "sessions.session", "pk": "wiy06yi2p9tpmbwsxe30ioy3mtteq0q7", "fields": {"session_data": "OTI5MjM3M2EyYTRkMzQwN2VlNDYxODE5ODE1ZjdjNzk3MjBlZWY0ZTp7Il9hdXRoX3VzZXJfaGFzaCI6IjBmMTUzZjUwNjljMzhhZWI4ZDcwNzUwNTJiM2M4ZGUwMTE5MDZhNDIiLCJfYXV0aF91c2VyX2JhY2tlbmQiOiJkamFuZ28uY29udHJpYi5hdXRoLmJhY2tlbmRzLk1vZGVsQmFja2VuZCIsIl9hdXRoX3VzZXJfaWQiOiIzIn0=", "expire_date": "2017-04-21T20:10:43.277Z"}}, {"model": "sessions.session", "pk": "x0tlnlbuo0m77iv3b7uhv7usxnd98m2w", "fields": {"session_data": "OTI5MjM3M2EyYTRkMzQwN2VlNDYxODE5ODE1ZjdjNzk3MjBlZWY0ZTp7Il9hdXRoX3VzZXJfaGFzaCI6IjBmMTUzZjUwNjljMzhhZWI4ZDcwNzUwNTJiM2M4ZGUwMTE5MDZhNDIiLCJfYXV0aF91c2VyX2JhY2tlbmQiOiJkamFuZ28uY29udHJpYi5hdXRoLmJhY2tlbmRzLk1vZGVsQmFja2VuZCIsIl9hdXRoX3VzZXJfaWQiOiIzIn0=", "expire_date": "2017-06-06T14:31:06.938Z"}}, {"model": "sessions.session", "pk": "xsrqbqa99yl3lf91ply1hbqa7g2o2sfa", "fields": {"session_data": "OTI5MjM3M2EyYTRkMzQwN2VlNDYxODE5ODE1ZjdjNzk3MjBlZWY0ZTp7Il9hdXRoX3VzZXJfaGFzaCI6IjBmMTUzZjUwNjljMzhhZWI4ZDcwNzUwNTJiM2M4ZGUwMTE5MDZhNDIiLCJfYXV0aF91c2VyX2JhY2tlbmQiOiJkamFuZ28uY29udHJpYi5hdXRoLmJhY2tlbmRzLk1vZGVsQmFja2VuZCIsIl9hdXRoX3VzZXJfaWQiOiIzIn0=", "expire_date": "2017-05-17T13:27:19.397Z"}}, {"model": "sessions.session", "pk": "yygfiiee6ywdumph26n23ctslo4fm5zf", "fields": {"session_data": "OGI3NzU3NDhhODg5NTE5OTQzOWRjMzhiOGQ1MzQ4NWMyZGQ0MTQxZTp7Il9hdXRoX3VzZXJfaGFzaCI6IjdhYTg5ZTdmMDM2MmI0NTBmMThmZWY3OTk0YmI0M2ZhZTY2OWZjMzAiLCJfYXV0aF91c2VyX2JhY2tlbmQiOiJkamFuZ28uY29udHJpYi5hdXRoLmJhY2tlbmRzLk1vZGVsQmFja2VuZCIsIl9hdXRoX3VzZXJfaWQiOiIzIn0=", "expire_date": "2016-12-09T19:04:13.114Z"}}, {"model": "ciudad.ciudad", "pk": 1, "fields": {"nombre": "Gran Santiago", "habitantes": 6160080, "region": "RM", "clima": "mediterr\u00e1neo contin.", "url": "Gran_Santiago", "imagen": "./santiago_k333XeK.jpg", "descripcion": "La ciudad de Santiago est\u00e1 emplazada principalmente en un llano conocido como \u00abcuenca de Santiago\u00bb. Esta cuenca es parte de la Depresi\u00f3n Intermedia y est\u00e1 delimitada claramente por el cord\u00f3n de Chacabuco por el norte, la Cordillera de los Andes por el oriente, la angostura de Paine por el sur y la Cordillera de la Costa. Aproximadamente, tiene una longitud de 80 km en direcci\u00f3n norte-sur y de 35 km de este a oeste."}}, {"model": "ciudad.ciudad", "pk": 3, "fields": {"nombre": "Temuco", "habitantes": 280000, "region": "IX", "clima": "oce\u00e1nico", "url": "Temuco", "imagen": "./temuco.jpg", "descripcion": "Temuco es una ciudad y comuna de Chile, capital de la Provincia de Caut\u00edn y la Regi\u00f3n de La Araucan\u00eda."}}, {"model": "ciudad.ciudad", "pk": 4, "fields": {"nombre": "Copiap\u00f3", "habitantes": 160000, "region": "III", "clima": "\u00e1rido", "url": "Copiapo", "imagen": "./copiapo.jpg", "descripcion": "Copiap\u00f3 es una comuna y ciudad de Chile, capital de la provincia hom\u00f3nima y de la Regi\u00f3n de Atacama, con tradici\u00f3n minera desde sus or\u00edgenes. Es conocida por ser un oasis donde florece el desierto y adem\u00e1s, por poseer en su valle la primera exportaci\u00f3n de uvas del pa\u00eds, lo que aporta grandes beneficios a este"}}, {"model": "ciudad.ciudad", "pk": 5, "fields": {"nombre": "La Serena", "habitantes": 211000, "region": "IV", "clima": "semi\u00e1rido", "url": "La_Serena", "imagen": "./serena_xyPfqtu.jpg", "descripcion": "La Serena es una comuna y ciudad de Chile, capital de la Regi\u00f3n de Coquimbo. Es uno de los destinos tur\u00edsticos m\u00e1s importantes del pa\u00eds.2 Destaca su centro hist\u00f3rico con una preservada arquitectura neocolonial caracterizada por sus balcones, peque\u00f1as plazas e Iglesias de piedra de varios siglos de antig\u00fcedad y sus extensas playas. Forma parte de la provincia de Elqui y limita al sur con Coquimbo y Andacollo, al norte con La Higuera, al oeste con el Oc\u00e9ano Pac\u00edfico y al este con Vicu\u00f1a"}}, {"model": "ciudad.ciudad", "pk": 6, "fields": {"nombre": "Gran Concepcion", "habitantes": 1080000, "region": "VIII", "clima": "templado mar\u00edtimo", "url": "Gran_Concepcion", "imagen": "./concepcion.jpg", "descripcion": "Limita al norte con Hualp\u00e9n, Talcahuano y Penco; al sur con Chiguayante y Hualqui; al este con la comuna de Florida y al oeste con el r\u00edo Biob\u00edo y las comunas de San Pedro de la Paz, Coronel y Lota.5 Antiguamente se localizaba en la Bah\u00eda de Concepci\u00f3n, en el territorio que actualmente ocupa la localidad de Penco, su gentilicio, \u00abpenquista\u00bb, deriva de su primera ubicaci\u00f3n."}}, {"model": "ciudad.ciudad", "pk": 7, "fields": {"nombre": "Valdivia", "habitantes": 155000, "region": "XIV", "clima": "oce\u00e1nico", "url": "Valdivia", "imagen": "./valdivia_qEjpUss.jpg", "descripcion": "aldivia es una ciudad y comuna chilena, capital de la provincia hom\u00f3nima y de la Regi\u00f3n de Los R\u00edos.Fundada en 1552 por el conquistador espa\u00f1ol Pedro de Valdivia, bajo el nombre de \u00abSanta Mar\u00eda la Blanca de Valdivia\u00bb, fue una de las primeras ciudades fundadas en Chile. Durante el Chile colonial, se la consideraba \u00abla llave del mar del sur\u00bb, porque era un enclave estrat\u00e9gico para el acceso al oc\u00e9ano Pac\u00edfico."}}, {"model": "ciudad.categoria", "pk": 6, "fields": {"nombre": "Acceso a tecnologias de la informacion", "icono": "./categoria10.jpg", "background": "./tecnologia-informacion-negocio.jpg"}}, {"model": "ciudad.categoria", "pk": 7, "fields": {"nombre": "Calidad de salud", "icono": "./categoria11.jpg", "background": "./cabecera_salud.jpg"}}, {"model": "ciudad.categoria", "pk": 8, "fields": {"nombre": "Estado salud adulto", "icono": "./categoria12.jpg", "background": "./participacion_2Khoc97.PNG"}}, {"model": "ciudad.categoria", "pk": 9, "fields": {"nombre": "Ocupacion femenina", "icono": "./categoria8.jpg", "background": "./165231.jpg"}}, {"model": "ciudad.categoria", "pk": 10, "fields": {"nombre": "Participacion ciudadana", "icono": "./categoria5.jpg", "background": "./participacion_hHIaZjk.PNG"}}, {"model": "ciudad.categoria", "pk": 11, "fields": {"nombre": "Pobreza infantil", "icono": "./categoria4.jpg", "background": "./participacion_TpW6YNh.PNG"}}, {"model": "ciudad.categoria", "pk": 12, "fields": {"nombre": "Calidad de aire", "icono": "./categoria3_ih2XLWi.jpg", "background": "./aireelemento-aire.jpg"}}, {"model": "ciudad.categoria", "pk": 13, "fields": {"nombre": "Deuda municipal", "icono": "./categoria3_8eW2SZq.jpg", "background": "./sonar-monedas-de-plata-600x382.jpg"}}, {"model": "ciudad.categoria", "pk": 14, "fields": {"nombre": "Estado salud infante", "icono": "./categoria2_UgaHNGu.jpg", "background": "./participacion_rmBgUEr.PNG"}}, {"model": "ciudad.categoria", "pk": 15, "fields": {"nombre": "Residuos", "icono": "./categoria1_jSJhGd8.jpg", "background": "./residuos.jpeg"}}, {"model": "ciudad.categoria", "pk": 16, "fields": {"nombre": "Medio Ambiente", "icono": "", "background": ""}}, {"model": "ciudad.categoria", "pk": 17, "fields": {"nombre": "Salud", "icono": "", "background": ""}}, {"model": "ciudad.categoria", "pk": 18, "fields": {"nombre": "Equidad", "icono": "", "background": ""}}, {"model": "ciudad.categoria", "pk": 19, "fields": {"nombre": "Accesibilidad", "icono": "", "background": ""}}, {"model": "ciudad.categoria", "pk": 20, "fields": {"nombre": "Gobernancia", "icono": "", "background": ""}}, {"model": "ciudad.indicador", "pk": 13, "fields": {"variable": "Tienen smartphone", "descripcion": " ", "estado": " ", "categoria": 6, "icono": "./indicador1_DF70bZc.jpg"}}, {"model": "ciudad.indicador", "pk": 14, "fields": {"variable": "Total de personas", "descripcion": " ", "estado": " ", "categoria": 6, "icono": "./indicador2_W2AZDVt.jpg"}}, {"model": "ciudad.indicador", "pk": 15, "fields": {"variable": "Smartphones/1000 habs\"\r", "descripcion": " ", "estado": " ", "categoria": 6, "icono": "./indicador4_orI1aCP.jpg"}}, {"model": "ciudad.indicador", "pk": 16, "fields": {"variable": "Defunciones prevenibles Hospital o Clinica", "descripcion": " ", "estado": " ", "categoria": 7, "icono": "./indicador2_W2AZDVt.jpg"}}, {"model": "ciudad.indicador", "pk": 17, "fields": {"variable": "Defunciones totales en Hospital o Clinica", "descripcion": " ", "estado": " ", "categoria": 7, "icono": "./indicador4_orI1aCP.jpg"}}, {"model": "ciudad.indicador", "pk": 18, "fields": {"variable": "Razon defunciones prevenibles Hospital o Clinica", "descripcion": " ", "estado": " ", "categoria": 7, "icono": "./indicador1_DF70bZc.jpg"}}, {"model": "ciudad.indicador", "pk": 19, "fields": {"variable": "Defunciones prevenibles Casa Habitacion", "descripcion": " ", "estado": " ", "categoria": 7, "icono": "./indicador1_DF70bZc.jpg"}}, {"model": "ciudad.indicador", "pk": 20, "fields": {"variable": "Defunciones totales en Casa Habitacion", "descripcion": " ", "estado": " ", "categoria": 7, "icono": "./indicador4_orI1aCP.jpg"}}, {"model": "ciudad.indicador", "pk": 21, "fields": {"variable": "Razon defunciones prevenibles Casa Habitacion", "descripcion": " ", "estado": " ", "categoria": 7, "icono": "./indicador2_W2AZDVt.jpg"}}, {"model": "ciudad.indicador", "pk": 22, "fields": {"variable": "Defunciones prevenibles Otro", "descripcion": " ", "estado": " ", "categoria": 7, "icono": "./indicador1_DF70bZc.jpg"}}, {"model": "ciudad.indicador", "pk": 23, "fields": {"variable": "Defunciones totales en Otro", "descripcion": " ", "estado": " ", "categoria": 7, "icono": "./indicador1_DF70bZc.jpg"}}, {"model": "ciudad.indicador", "pk": 24, "fields": {"variable": "Razon defunciones prevenibles Otro", "descripcion": " ", "estado": " ", "categoria": 7, "icono": "./indicador4_orI1aCP.jpg"}}, {"model": "ciudad.indicador", "pk": 25, "fields": {"variable": "Defunciones prevenibles Total", "descripcion": " ", "estado": " ", "categoria": 7, "icono": "./indicador2_W2AZDVt.jpg"}}, {"model": "ciudad.indicador", "pk": 26, "fields": {"variable": "Defunciones en Total", "descripcion": " ", "estado": " ", "categoria": 7, "icono": "./indicador1_DF70bZc.jpg"}}, {"model": "ciudad.indicador", "pk": 27, "fields": {"variable": "Razon defunciones prevenibles Total\"\r", "descripcion": " ", "estado": " ", "categoria": 7, "icono": "./indicador2_W2AZDVt.jpg"}}, {"model": "ciudad.indicador", "pk": 28, "fields": {"variable": "Mortalidad_F", "descripcion": " ", "estado": " ", "categoria": 8, "icono": "./indicador2_W2AZDVt.jpg"}}, {"model": "ciudad.indicador", "pk": 29, "fields": {"variable": "Mortaliad_M", "descripcion": " ", "estado": " ", "categoria": 8, "icono": "./indicador4_orI1aCP.jpg"}}, {"model": "ciudad.indicador", "pk": 30, "fields": {"variable": "Mortalidad_total\"\r", "descripcion": " ", "estado": " ", "categoria": 8, "icono": "./indicador4_orI1aCP.jpg"}}, {"model": "ciudad.indicador", "pk": 31, "fields": {"variable": "Mujeres trabajando", "descripcion": " ", "estado": " ", "categoria": 9, "icono": "./indicador2_W2AZDVt.jpg"}}, {"model": "ciudad.indicador", "pk": 32, "fields": {"variable": "Mujeres en edad de trabajar", "descripcion": " ", "estado": " ", "categoria": 9, "icono": "./indicador1_DF70bZc.jpg"}}, {"model": "ciudad.indicador", "pk": 33, "fields": {"variable": "Ocupaci\u00f3n femenina", "descripcion": ".", "estado": ".", "categoria": 9, "icono": "./indicador1_DF70bZc.jpg"}}, {"model": "ciudad.indicador", "pk": 34, "fields": {"variable": "Numero de solicitudes entre 2014, 2015 y 2016", "descripcion": ".", "estado": ".", "categoria": 10, "icono": "./indicador2_W2AZDVt.jpg"}}, {"model": "ciudad.indicador", "pk": 36, "fields": {"variable": "Poblaci\u00f3n proyectada 2016", "descripcion": ".", "estado": ".", "categoria": 10, "icono": "./indicador4_orI1aCP.jpg"}}, {"model": "ciudad.indicador", "pk": 37, "fields": {"variable": "Numero de solicitudes por cada 10000 habitantes", "descripcion": ".", "estado": ".", "categoria": 10, "icono": "./indicador2_W2AZDVt.jpg"}}, {"model": "ciudad.indicador", "pk": 38, "fields": {"variable": "N\u00famero de ni\u00f1os bajo linea de pobreza", "descripcion": ".", "estado": ".", "categoria": 11, "icono": "./indicador4_orI1aCP.jpg"}}, {"model": "ciudad.indicador", "pk": 39, "fields": {"variable": "N\u00famero total de ni\u00f1os", "descripcion": ".", "estado": ".", "categoria": 11, "icono": "./indicador1_DF70bZc.jpg"}}, {"model": "ciudad.indicador", "pk": 40, "fields": {"variable": "Pobreza infantil", "descripcion": ".", "estado": ".", "categoria": 11, "icono": "./indicador4_orI1aCP.jpg"}}, {"model": "ciudad.indicador", "pk": 41, "fields": {"variable": "city", "descripcion": " ", "estado": " ", "categoria": 12, "icono": "./indicador2_W2AZDVt.jpg"}}, {"model": "ciudad.indicador", "pk": 42, "fields": {"variable": "year", "descripcion": " ", "estado": " ", "categoria": 12, "icono": "./indicador1_DF70bZc.jpg"}}, {"model": "ciudad.indicador", "pk": 43, "fields": {"variable": "avg_over_100", "descripcion": " ", "estado": " ", "categoria": 12, "icono": "./indicador4_orI1aCP.jpg"}}, {"model": "ciudad.indicador", "pk": 44, "fields": {"variable": "max_over_100", "descripcion": " ", "estado": " ", "categoria": 12, "icono": "./indicador4_orI1aCP.jpg"}}, {"model": "ciudad.indicador", "pk": 45, "fields": {"variable": "median_over_100\"\r", "descripcion": " ", "estado": " ", "categoria": 12, "icono": "./indicador4_orI1aCP.jpg"}}, {"model": "ciudad.indicador", "pk": 46, "fields": {"variable": "Ingresos_Percibidos_2015", "descripcion": " ", "estado": " ", "categoria": 13, "icono": "./indicador1_DF70bZc.jpg"}}, {"model": "ciudad.indicador", "pk": 47, "fields": {"variable": "Saldo_caja_2015", "descripcion": " ", "estado": " ", "categoria": 13, "icono": "./indicador4_orI1aCP.jpg"}}, {"model": "ciudad.indicador", "pk": 48, "fields": {"variable": "Deficit_Superavit_2015", "descripcion": " ", "estado": " ", "categoria": 13, "icono": "./indicador1_DF70bZc.jpg"}}, {"model": "ciudad.indicador", "pk": 49, "fields": {"variable": "Ingresos_Percibidos_2014", "descripcion": " ", "estado": " ", "categoria": 13, "icono": "./indicador1_DF70bZc.jpg"}}, {"model": "ciudad.indicador", "pk": 50, "fields": {"variable": "Saldo_caja_2014", "descripcion": " ", "estado": " ", "categoria": 13, "icono": "./indicador4_orI1aCP.jpg"}}, {"model": "ciudad.indicador", "pk": 51, "fields": {"variable": "Deficit_Superavit_2014\"\r", "descripcion": " ", "estado": " ", "categoria": 13, "icono": "./indicador1_DF70bZc.jpg"}}, {"model": "ciudad.indicador", "pk": 52, "fields": {"variable": "Mort_Infantil\"\r", "descripcion": " ", "estado": " ", "categoria": 14, "icono": "./indicador4_orI1aCP.jpg"}}, {"model": "ciudad.indicador", "pk": 53, "fields": {"variable": "Votantes", "descripcion": " ", "estado": " ", "categoria": 10, "icono": "./indicador2_W2AZDVt.jpg"}}, {"model": "ciudad.indicador", "pk": 54, "fields": {"variable": "Poblaci\u00f3n total (2013)", "descripcion": ".", "estado": ".", "categoria": 10, "icono": "./indicador4_orI1aCP.jpg"}}, {"model": "ciudad.indicador", "pk": 55, "fields": {"variable": "Porcentaje votantes", "descripcion": ".", "estado": ".", "categoria": 10, "icono": "./indicador4_orI1aCP.jpg"}}, {"model": "ciudad.indicador", "pk": 56, "fields": {"variable": "Participando en una organizaci\u00f3n o grupo asociado", "descripcion": ".", "estado": ".", "categoria": 10, "icono": "./indicador2_W2AZDVt.jpg"}}, {"model": "ciudad.indicador", "pk": 57, "fields": {"variable": "Total", "descripcion": ".", "estado": ".", "categoria": 10, "icono": "./indicador4_orI1aCP.jpg"}}, {"model": "ciudad.indicador", "pk": 58, "fields": {"variable": "Porcentaje", "descripcion": ".", "estado": ".", "categoria": 10, "icono": "./indicador1_DF70bZc.jpg"}}, {"model": "ciudad.indicador", "pk": 59, "fields": {"variable": "Poblaci\u00f3n total (2009)", "descripcion": ".", "estado": ".", "categoria": 15, "icono": "./indicador2_W2AZDVt.jpg"}}, {"model": "ciudad.indicador", "pk": 60, "fields": {"variable": "Residuos per c\u00e1pita por d\u00eda (kg)", "descripcion": ".", "estado": ".", "categoria": 15, "icono": "./indicador1_DF70bZc.jpg"}}, {"model": "ciudad.indicador", "pk": 61, "fields": {"variable": "Residuos per c\u00e1pita por a\u00f1o (kg)", "descripcion": ".", "estado": ".", "categoria": 15, "icono": "./indicador4_orI1aCP.jpg"}}, {"model": "ciudad.dato", "pk": 1, "fields": {"ciudad": 1, "indicador": 13, "tipo_variable": "int", "var_int": 10, "var_char": "", "var_float": null, "creado": null, "modificado": null, "fecha_indicador": "2017-05-08T17:04:38Z"}}, {"model": "ciudad.dato", "pk": 2, "fields": {"ciudad": 3, "indicador": 24, "tipo_variable": "float", "var_int": null, "var_char": "", "var_float": 3.0, "creado": null, "modificado": null, "fecha_indicador": "2017-05-17T17:31:34Z"}}, {"model": "auth.permission", "pk": 1, "fields": {"name": "Can add log entry", "content_type": 1, "codename": "add_logentry"}}, {"model": "auth.permission", "pk": 2, "fields": {"name": "Can change log entry", "content_type": 1, "codename": "change_logentry"}}, {"model": "auth.permission", "pk": 3, "fields": {"name": "Can delete log entry", "content_type": 1, "codename": "delete_logentry"}}, {"model": "auth.permission", "pk": 4, "fields": {"name": "Can add permission", "content_type": 2, "codename": "add_permission"}}, {"model": "auth.permission", "pk": 5, "fields": {"name": "Can change permission", "content_type": 2, "codename": "change_permission"}}, {"model": "auth.permission", "pk": 6, "fields": {"name": "Can delete permission", "content_type": 2, "codename": "delete_permission"}}, {"model": "auth.permission", "pk": 7, "fields": {"name": "Can add group", "content_type": 3, "codename": "add_group"}}, {"model": "auth.permission", "pk": 8, "fields": {"name": "Can change group", "content_type": 3, "codename": "change_group"}}, {"model": "auth.permission", "pk": 9, "fields": {"name": "Can delete group", "content_type": 3, "codename": "delete_group"}}, {"model": "auth.permission", "pk": 10, "fields": {"name": "Can add user", "content_type": 4, "codename": "add_user"}}, {"model": "auth.permission", "pk": 11, "fields": {"name": "Can change user", "content_type": 4, "codename": "change_user"}}, {"model": "auth.permission", "pk": 12, "fields": {"name": "Can delete user", "content_type": 4, "codename": "delete_user"}}, {"model": "auth.permission", "pk": 13, "fields": {"name": "Can add content type", "content_type": 5, "codename": "add_contenttype"}}, {"model": "auth.permission", "pk": 14, "fields": {"name": "Can change content type", "content_type": 5, "codename": "change_contenttype"}}, {"model": "auth.permission", "pk": 15, "fields": {"name": "Can delete content type", "content_type": 5, "codename": "delete_contenttype"}}, {"model": "auth.permission", "pk": 16, "fields": {"name": "Can add session", "content_type": 6, "codename": "add_session"}}, {"model": "auth.permission", "pk": 17, "fields": {"name": "Can change session", "content_type": 6, "codename": "change_session"}}, {"model": "auth.permission", "pk": 18, "fields": {"name": "Can delete session", "content_type": 6, "codename": "delete_session"}}, {"model": "auth.permission", "pk": 19, "fields": {"name": "Can add ciudad", "content_type": 7, "codename": "add_ciudad"}}, {"model": "auth.permission", "pk": 20, "fields": {"name": "Can change ciudad", "content_type": 7, "codename": "change_ciudad"}}, {"model": "auth.permission", "pk": 21, "fields": {"name": "Can delete ciudad", "content_type": 7, "codename": "delete_ciudad"}}, {"model": "auth.permission", "pk": 22, "fields": {"name": "Can add categoria", "content_type": 8, "codename": "add_categoria"}}, {"model": "auth.permission", "pk": 23, "fields": {"name": "Can change categoria", "content_type": 8, "codename": "change_categoria"}}, {"model": "auth.permission", "pk": 24, "fields": {"name": "Can delete categoria", "content_type": 8, "codename": "delete_categoria"}}, {"model": "auth.permission", "pk": 25, "fields": {"name": "Can add indicador", "content_type": 9, "codename": "add_indicador"}}, {"model": "auth.permission", "pk": 26, "fields": {"name": "Can change indicador", "content_type": 9, "codename": "change_indicador"}}, {"model": "auth.permission", "pk": 27, "fields": {"name": "Can delete indicador", "content_type": 9, "codename": "delete_indicador"}}, {"model": "auth.permission", "pk": 28, "fields": {"name": "Can add dato", "content_type": 10, "codename": "add_dato"}}, {"model": "auth.permission", "pk": 29, "fields": {"name": "Can change dato", "content_type": 10, "codename": "change_dato"}}, {"model": "auth.permission", "pk": 30, "fields": {"name": "Can delete dato", "content_type": 10, "codename": "delete_dato"}}, {"model": "auth.group", "pk": 1, "fields": {"name": "Ingresadores de datos", "permissions": [28, 29, 30, 25, 26, 27]}}, {"model": "auth.user", "pk": 1, "fields": {"password": "pbkdf2_sha256$24000$YVr6LfksQnzZ$e77nDA1MTCTFHfxF10RJ8ZZruCnen3qFFez29djYugw=", "last_login": "2017-05-17T15:38:32.445Z", "is_superuser": true, "username": "csfuente", "first_name": "", "last_name": "", "email": "", "is_staff": true, "is_active": true, "date_joined": "2016-01-02T05:57:11.634Z", "groups": [], "user_permissions": []}}, {"model": "auth.user", "pk": 2, "fields": {"password": "pbkdf2_sha256$24000$nWpvAC13dbKn$L1EW6U4VLKdlRbWGG1d0Q2yBE8Tr++0HnV6Gq5P7Y0Q=", "last_login": "2016-12-15T19:15:41.843Z", "is_superuser": true, "username": "ssteinig", "first_name": "", "last_name": "", "email": "", "is_staff": true, "is_active": true, "date_joined": "2016-02-26T21:01:25Z", "groups": [], "user_permissions": []}}, {"model": "auth.user", "pk": 3, "fields": {"password": "pbkdf2_sha256$24000$dl9P1ocmOVc5$8re7UO8GXGXUywgsHDqyzioUyhbQW8sklQg6z+LEbFM=", "last_login": "2017-05-23T14:31:06.929Z", "is_superuser": true, "username": "rardiles", "first_name": "", "last_name": "", "email": "", "is_staff": true, "is_active": true, "date_joined": "2016-10-24T14:38:57Z", "groups": [], "user_permissions": []}}, {"model": "auth.user", "pk": 4, "fields": {"password": "pbkdf2_sha256$24000$35yJ6j7XTCO0$Gq1uYUYtw/jKfoCrtEPjOArAcrdBO7laB21ea2npOsQ=", "last_login": null, "is_superuser": false, "username": "rvillegas", "first_name": "", "last_name": "", "email": "", "is_staff": true, "is_active": true, "date_joined": "2016-12-15T19:14:19Z", "groups": [1], "user_permissions": []}}, {"model": "auth.user", "pk": 5, "fields": {"password": "pbkdf2_sha256$24000$k78KdbZ6XQnf$tSQf64Wbr2qGZGLLnFZNCZU3qvzKHFlnenhMSqsdInM=", "last_login": "2017-05-17T15:38:14.674Z", "is_superuser": false, "username": "helenf", "first_name": "Helen", "last_name": "De la Fuente", "email": "", "is_staff": true, "is_active": true, "date_joined": "2017-05-17T15:36:31Z", "groups": [1], "user_permissions": []}}, {"model": "admin.logentry", "pk": 1, "fields": {"action_time": "2016-01-02T05:58:00.373Z", "user": 1, "content_type": 7, "object_id": "1", "object_repr": "asfsd", "action_flag": 1, "change_message": ""}}, {"model": "admin.logentry", "pk": 2, "fields": {"action_time": "2016-01-02T05:58:11.860Z", "user": 1, "content_type": 8, "object_id": "1", "object_repr": "qwer", "action_flag": 1, "change_message": ""}}, {"model": "admin.logentry", "pk": 3, "fields": {"action_time": "2016-01-02T05:58:35.184Z", "user": 1, "content_type": 9, "object_id": "1", "object_repr": "ssdfg", "action_flag": 1, "change_message": ""}}, {"model": "admin.logentry", "pk": 4, "fields": {"action_time": "2016-01-07T04:59:10.466Z", "user": 1, "content_type": 7, "object_id": "1", "object_repr": "Prueba", "action_flag": 2, "change_message": "Changed nombre."}}, {"model": "admin.logentry", "pk": 5, "fields": {"action_time": "2016-01-07T04:59:26.845Z", "user": 1, "content_type": 7, "object_id": "2", "object_repr": "Segundo", "action_flag": 1, "change_message": ""}}, {"model": "admin.logentry", "pk": 6, "fields": {"action_time": "2016-01-07T05:03:29.276Z", "user": 1, "content_type": 10, "object_id": "1", "object_repr": "int", "action_flag": 1, "change_message": ""}}, {"model": "admin.logentry", "pk": 7, "fields": {"action_time": "2016-01-07T05:03:42.666Z", "user": 1, "content_type": 10, "object_id": "2", "object_repr": "char", "action_flag": 1, "change_message": ""}}, {"model": "admin.logentry", "pk": 8, "fields": {"action_time": "2016-01-07T05:05:43.872Z", "user": 1, "content_type": 9, "object_id": "2", "object_repr": "Calidad Agua", "action_flag": 1, "change_message": ""}}, {"model": "admin.logentry", "pk": 9, "fields": {"action_time": "2016-01-07T05:20:33.421Z", "user": 1, "content_type": 9, "object_id": "3", "object_repr": "Calidad Aire", "action_flag": 1, "change_message": ""}}, {"model": "admin.logentry", "pk": 10, "fields": {"action_time": "2016-01-07T05:20:48.346Z", "user": 1, "content_type": 8, "object_id": "2", "object_repr": "asdf", "action_flag": 1, "change_message": ""}}, {"model": "admin.logentry", "pk": 11, "fields": {"action_time": "2016-01-07T05:21:10.482Z", "user": 1, "content_type": 9, "object_id": "4", "object_repr": "Calidad asdf", "action_flag": 1, "change_message": ""}}, {"model": "admin.logentry", "pk": 12, "fields": {"action_time": "2016-01-07T05:59:17.812Z", "user": 1, "content_type": 10, "object_id": "3", "object_repr": "Segundo Calidad asdf", "action_flag": 1, "change_message": ""}}, {"model": "admin.logentry", "pk": 13, "fields": {"action_time": "2016-02-26T21:01:25.363Z", "user": 1, "content_type": 4, "object_id": "2", "object_repr": "ssteinig", "action_flag": 1, "change_message": ""}}, {"model": "admin.logentry", "pk": 14, "fields": {"action_time": "2016-02-26T21:01:36.574Z", "user": 1, "content_type": 4, "object_id": "2", "object_repr": "ssteinig", "action_flag": 2, "change_message": "Changed is_staff and is_superuser."}}, {"model": "admin.logentry", "pk": 15, "fields": {"action_time": "2016-02-26T21:02:14.398Z", "user": 1, "content_type": 7, "object_id": "1", "object_repr": "Santiago", "action_flag": 2, "change_message": "Changed nombre, region and clima."}}, {"model": "admin.logentry", "pk": 16, "fields": {"action_time": "2016-02-26T21:02:35.118Z", "user": 1, "content_type": 7, "object_id": "2", "object_repr": "Valparaiso", "action_flag": 2, "change_message": "Changed nombre, region and clima."}}, {"model": "admin.logentry", "pk": 17, "fields": {"action_time": "2016-02-26T21:02:51.812Z", "user": 1, "content_type": 8, "object_id": "2", "object_repr": "Categoria 1", "action_flag": 2, "change_message": "Changed nombre."}}, {"model": "admin.logentry", "pk": 18, "fields": {"action_time": "2016-02-26T21:02:59.176Z", "user": 1, "content_type": 8, "object_id": "1", "object_repr": "Categoria 2", "action_flag": 2, "change_message": "Changed nombre."}}, {"model": "admin.logentry", "pk": 19, "fields": {"action_time": "2016-02-26T21:03:18.381Z", "user": 1, "content_type": 9, "object_id": "4", "object_repr": "Niveles", "action_flag": 2, "change_message": "Changed variable."}}, {"model": "admin.logentry", "pk": 20, "fields": {"action_time": "2016-02-26T21:03:30.537Z", "user": 1, "content_type": 9, "object_id": "1", "object_repr": "Proporciones", "action_flag": 2, "change_message": "Changed variable."}}, {"model": "admin.logentry", "pk": 21, "fields": {"action_time": "2016-03-04T00:52:36.135Z", "user": 2, "content_type": 7, "object_id": "2", "object_repr": "Valparaiso", "action_flag": 3, "change_message": ""}}, {"model": "admin.logentry", "pk": 22, "fields": {"action_time": "2016-03-04T00:52:55.937Z", "user": 2, "content_type": 9, "object_id": "4", "object_repr": "Niveles", "action_flag": 3, "change_message": ""}}, {"model": "admin.logentry", "pk": 23, "fields": {"action_time": "2016-03-04T00:53:10.975Z", "user": 2, "content_type": 9, "object_id": "1", "object_repr": "Proporciones", "action_flag": 3, "change_message": ""}}, {"model": "admin.logentry", "pk": 24, "fields": {"action_time": "2016-03-04T00:57:17.724Z", "user": 2, "content_type": 7, "object_id": "3", "object_repr": "Temuco", "action_flag": 1, "change_message": ""}}, {"model": "admin.logentry", "pk": 25, "fields": {"action_time": "2016-03-04T00:59:02.735Z", "user": 2, "content_type": 7, "object_id": "1", "object_repr": "Santiago", "action_flag": 2, "change_message": "Changed habitantes and clima."}}, {"model": "admin.logentry", "pk": 26, "fields": {"action_time": "2016-03-04T01:02:07.054Z", "user": 2, "content_type": 7, "object_id": "4", "object_repr": "Copiapo", "action_flag": 1, "change_message": ""}}, {"model": "admin.logentry", "pk": 27, "fields": {"action_time": "2016-03-04T01:05:02.886Z", "user": 2, "content_type": 7, "object_id": "5", "object_repr": "La Serena", "action_flag": 1, "change_message": ""}}, {"model": "admin.logentry", "pk": 28, "fields": {"action_time": "2016-03-04T01:07:32.487Z", "user": 2, "content_type": 7, "object_id": "4", "object_repr": "Copiapo", "action_flag": 2, "change_message": "Changed clima."}}, {"model": "admin.logentry", "pk": 29, "fields": {"action_time": "2016-03-04T01:09:03.005Z", "user": 2, "content_type": 7, "object_id": "6", "object_repr": "Gran Concepcion", "action_flag": 1, "change_message": ""}}, {"model": "admin.logentry", "pk": 30, "fields": {"action_time": "2016-03-04T01:09:10.049Z", "user": 2, "content_type": 7, "object_id": "1", "object_repr": "Gran Santiago", "action_flag": 2, "change_message": "Changed nombre."}}, {"model": "admin.logentry", "pk": 31, "fields": {"action_time": "2016-03-04T01:10:07.764Z", "user": 2, "content_type": 7, "object_id": "7", "object_repr": "Valdivia", "action_flag": 1, "change_message": ""}}, {"model": "admin.logentry", "pk": 32, "fields": {"action_time": "2016-03-04T01:38:13.863Z", "user": 2, "content_type": 8, "object_id": "3", "object_repr": "Acceso y Movilidad", "action_flag": 1, "change_message": ""}}, {"model": "admin.logentry", "pk": 33, "fields": {"action_time": "2016-03-04T01:39:32.398Z", "user": 2, "content_type": 9, "object_id": "5", "object_repr": "Participacion Modal - Auto", "action_flag": 1, "change_message": ""}}, {"model": "admin.logentry", "pk": 34, "fields": {"action_time": "2016-03-04T01:40:26.631Z", "user": 2, "content_type": 9, "object_id": "6", "object_repr": "Participacion Modal - Bicicleta", "action_flag": 1, "change_message": ""}}, {"model": "admin.logentry", "pk": 35, "fields": {"action_time": "2016-03-04T01:41:21.303Z", "user": 2, "content_type": 9, "object_id": "7", "object_repr": "Participacion Modal - Caminata", "action_flag": 1, "change_message": ""}}, {"model": "admin.logentry", "pk": 36, "fields": {"action_time": "2016-03-04T01:41:54.303Z", "user": 2, "content_type": 9, "object_id": "8", "object_repr": "Participacion Modal - Transporte Publico", "action_flag": 1, "change_message": ""}}, {"model": "admin.logentry", "pk": 37, "fields": {"action_time": "2016-03-04T01:43:03.144Z", "user": 2, "content_type": 8, "object_id": "4", "object_repr": "Entorno Construido", "action_flag": 1, "change_message": ""}}, {"model": "admin.logentry", "pk": 38, "fields": {"action_time": "2016-03-04T01:43:05.443Z", "user": 2, "content_type": 9, "object_id": "9", "object_repr": "Dotacion de Parques y Espacios Publicos", "action_flag": 1, "change_message": ""}}, {"model": "admin.logentry", "pk": 39, "fields": {"action_time": "2016-03-04T01:45:27.075Z", "user": 2, "content_type": 8, "object_id": "5", "object_repr": "Planificacion Integrada", "action_flag": 1, "change_message": ""}}, {"model": "admin.logentry", "pk": 40, "fields": {"action_time": "2016-03-04T01:45:30.191Z", "user": 2, "content_type": 9, "object_id": "10", "object_repr": "Estado de salud de adulto", "action_flag": 1, "change_message": ""}}, {"model": "admin.logentry", "pk": 41, "fields": {"action_time": "2016-03-04T01:46:33.382Z", "user": 2, "content_type": 9, "object_id": "11", "object_repr": "Estado de salud de infante", "action_flag": 1, "change_message": ""}}, {"model": "admin.logentry", "pk": 42, "fields": {"action_time": "2016-03-04T01:48:13.378Z", "user": 2, "content_type": 9, "object_id": "12", "object_repr": "Participacion ciudadana", "action_flag": 1, "change_message": ""}}, {"model": "admin.logentry", "pk": 43, "fields": {"action_time": "2016-03-04T01:50:48.637Z", "user": 2, "content_type": 10, "object_id": "4", "object_repr": "Gran Santiago Estado de salud de adulto", "action_flag": 1, "change_message": ""}}, {"model": "admin.logentry", "pk": 44, "fields": {"action_time": "2016-03-04T01:51:19.538Z", "user": 2, "content_type": 10, "object_id": "5", "object_repr": "Temuco Estado de salud de adulto", "action_flag": 1, "change_message": ""}}, {"model": "admin.logentry", "pk": 45, "fields": {"action_time": "2016-03-04T01:51:37.537Z", "user": 2, "content_type": 10, "object_id": "6", "object_repr": "Copiapo Estado de salud de adulto", "action_flag": 1, "change_message": ""}}, {"model": "admin.logentry", "pk": 46, "fields": {"action_time": "2016-03-04T01:51:56.824Z", "user": 2, "content_type": 10, "object_id": "7", "object_repr": "La Serena Estado de salud de adulto", "action_flag": 1, "change_message": ""}}, {"model": "admin.logentry", "pk": 47, "fields": {"action_time": "2016-03-04T01:52:18.002Z", "user": 2, "content_type": 10, "object_id": "8", "object_repr": "Gran Concepcion Estado de salud de adulto", "action_flag": 1, "change_message": ""}}, {"model": "admin.logentry", "pk": 48, "fields": {"action_time": "2016-03-04T01:53:00.998Z", "user": 2, "content_type": 10, "object_id": "9", "object_repr": "Valdivia Estado de salud de adulto", "action_flag": 1, "change_message": ""}}, {"model": "admin.logentry", "pk": 49, "fields": {"action_time": "2016-03-04T01:53:39.700Z", "user": 2, "content_type": 10, "object_id": "10", "object_repr": "Gran Santiago Participacion Modal - Auto", "action_flag": 1, "change_message": ""}}, {"model": "admin.logentry", "pk": 50, "fields": {"action_time": "2016-03-04T01:54:00.444Z", "user": 2, "content_type": 10, "object_id": "11", "object_repr": "Temuco Participacion Modal - Auto", "action_flag": 1, "change_message": ""}}, {"model": "admin.logentry", "pk": 51, "fields": {"action_time": "2016-03-04T01:54:25.593Z", "user": 2, "content_type": 10, "object_id": "12", "object_repr": "Copiapo Participacion Modal - Auto", "action_flag": 1, "change_message": ""}}, {"model": "admin.logentry", "pk": 52, "fields": {"action_time": "2016-03-04T01:54:31.661Z", "user": 2, "content_type": 10, "object_id": "12", "object_repr": "Copiapo Participacion Modal - Auto", "action_flag": 2, "change_message": "No fields changed."}}, {"model": "admin.logentry", "pk": 53, "fields": {"action_time": "2016-03-04T01:54:52.785Z", "user": 2, "content_type": 10, "object_id": "13", "object_repr": "La Serena Participacion Modal - Auto", "action_flag": 1, "change_message": ""}}, {"model": "admin.logentry", "pk": 54, "fields": {"action_time": "2016-03-04T01:55:13.721Z", "user": 2, "content_type": 10, "object_id": "14", "object_repr": "Gran Concepcion Participacion Modal - Auto", "action_flag": 1, "change_message": ""}}, {"model": "admin.logentry", "pk": 55, "fields": {"action_time": "2016-03-04T01:55:48.632Z", "user": 2, "content_type": 10, "object_id": "15", "object_repr": "Valdivia Participacion Modal - Auto", "action_flag": 1, "change_message": ""}}, {"model": "admin.logentry", "pk": 56, "fields": {"action_time": "2016-03-08T18:52:20.990Z", "user": 2, "content_type": 8, "object_id": "2", "object_repr": "Categoria 1", "action_flag": 3, "change_message": ""}}, {"model": "admin.logentry", "pk": 57, "fields": {"action_time": "2016-03-08T18:52:20.999Z", "user": 2, "content_type": 8, "object_id": "1", "object_repr": "Categoria 2", "action_flag": 3, "change_message": ""}}, {"model": "admin.logentry", "pk": 58, "fields": {"action_time": "2016-03-10T18:35:36.524Z", "user": 1, "content_type": 10, "object_id": "13", "object_repr": "La Serena Participacion Modal - Auto", "action_flag": 2, "change_message": "Changed var_char."}}, {"model": "admin.logentry", "pk": 59, "fields": {"action_time": "2016-03-10T19:13:40.627Z", "user": 1, "content_type": 7, "object_id": "1", "object_repr": "Gran Santiago", "action_flag": 2, "change_message": "Changed url."}}, {"model": "admin.logentry", "pk": 60, "fields": {"action_time": "2016-03-10T19:13:52.009Z", "user": 1, "content_type": 7, "object_id": "7", "object_repr": "Valdivia", "action_flag": 2, "change_message": "Changed url."}}, {"model": "admin.logentry", "pk": 61, "fields": {"action_time": "2016-03-10T19:14:00.065Z", "user": 1, "content_type": 7, "object_id": "5", "object_repr": "La Serena", "action_flag": 2, "change_message": "Changed url."}}, {"model": "admin.logentry", "pk": 62, "fields": {"action_time": "2016-03-10T19:14:06.730Z", "user": 1, "content_type": 7, "object_id": "4", "object_repr": "Copiapo", "action_flag": 2, "change_message": "Changed url."}}, {"model": "admin.logentry", "pk": 63, "fields": {"action_time": "2016-03-10T19:14:12.986Z", "user": 1, "content_type": 7, "object_id": "3", "object_repr": "Temuco", "action_flag": 2, "change_message": "Changed url."}}, {"model": "admin.logentry", "pk": 64, "fields": {"action_time": "2016-03-10T19:17:52.502Z", "user": 1, "content_type": 7, "object_id": "6", "object_repr": "Gran Concepcion", "action_flag": 2, "change_message": "Changed url."}}, {"model": "admin.logentry", "pk": 65, "fields": {"action_time": "2016-03-10T19:25:57.108Z", "user": 1, "content_type": 7, "object_id": "1", "object_repr": "Gran Santiago", "action_flag": 2, "change_message": "Changed imagen."}}, {"model": "admin.logentry", "pk": 66, "fields": {"action_time": "2016-03-10T19:28:25.273Z", "user": 1, "content_type": 7, "object_id": "1", "object_repr": "Gran Santiago", "action_flag": 2, "change_message": "Changed imagen."}}, {"model": "admin.logentry", "pk": 67, "fields": {"action_time": "2016-03-10T19:30:30.139Z", "user": 1, "content_type": 7, "object_id": "1", "object_repr": "Gran Santiago", "action_flag": 2, "change_message": "Changed imagen."}}, {"model": "admin.logentry", "pk": 68, "fields": {"action_time": "2016-03-10T19:31:43.871Z", "user": 1, "content_type": 7, "object_id": "1", "object_repr": "Gran Santiago", "action_flag": 2, "change_message": "Changed imagen."}}, {"model": "admin.logentry", "pk": 69, "fields": {"action_time": "2016-03-10T19:34:56.396Z", "user": 1, "content_type": 7, "object_id": "1", "object_repr": "Gran Santiago", "action_flag": 2, "change_message": "Changed imagen."}}, {"model": "admin.logentry", "pk": 70, "fields": {"action_time": "2016-03-10T19:36:09.173Z", "user": 1, "content_type": 7, "object_id": "1", "object_repr": "Gran Santiago", "action_flag": 2, "change_message": "Changed imagen."}}, {"model": "admin.logentry", "pk": 71, "fields": {"action_time": "2016-03-10T19:36:18.998Z", "user": 1, "content_type": 7, "object_id": "1", "object_repr": "Gran Santiago", "action_flag": 2, "change_message": "Changed imagen."}}, {"model": "admin.logentry", "pk": 72, "fields": {"action_time": "2016-03-10T19:41:33.777Z", "user": 1, "content_type": 7, "object_id": "7", "object_repr": "Valdivia", "action_flag": 2, "change_message": "Changed imagen."}}, {"model": "admin.logentry", "pk": 73, "fields": {"action_time": "2016-03-10T19:42:40.958Z", "user": 1, "content_type": 7, "object_id": "6", "object_repr": "Gran Concepcion", "action_flag": 2, "change_message": "Changed imagen."}}, {"model": "admin.logentry", "pk": 74, "fields": {"action_time": "2016-03-10T19:42:50.855Z", "user": 1, "content_type": 7, "object_id": "5", "object_repr": "La Serena", "action_flag": 2, "change_message": "Changed imagen."}}, {"model": "admin.logentry", "pk": 75, "fields": {"action_time": "2016-03-10T19:45:37.079Z", "user": 1, "content_type": 7, "object_id": "4", "object_repr": "Copiapo", "action_flag": 2, "change_message": "Changed imagen."}}, {"model": "admin.logentry", "pk": 76, "fields": {"action_time": "2016-03-10T19:46:16.023Z", "user": 1, "content_type": 7, "object_id": "3", "object_repr": "Temuco", "action_flag": 2, "change_message": "Changed imagen."}}, {"model": "admin.logentry", "pk": 77, "fields": {"action_time": "2016-03-10T19:54:49.680Z", "user": 1, "content_type": 7, "object_id": "4", "object_repr": "Copiap\u00f3", "action_flag": 2, "change_message": "Changed nombre."}}, {"model": "admin.logentry", "pk": 78, "fields": {"action_time": "2016-03-10T19:55:45.249Z", "user": 1, "content_type": 9, "object_id": "12", "object_repr": "Participaci\u00f3n ciudadana", "action_flag": 2, "change_message": "Changed variable and descripcion."}}, {"model": "admin.logentry", "pk": 79, "fields": {"action_time": "2016-03-10T19:55:53.839Z", "user": 1, "content_type": 9, "object_id": "8", "object_repr": "Participaci\u00f3n Modal - Transporte Publico", "action_flag": 2, "change_message": "Changed variable."}}, {"model": "admin.logentry", "pk": 80, "fields": {"action_time": "2016-10-24T14:38:57.285Z", "user": 1, "content_type": 4, "object_id": "3", "object_repr": "rardiles", "action_flag": 1, "change_message": "Added."}}, {"model": "admin.logentry", "pk": 81, "fields": {"action_time": "2016-10-24T14:39:06.597Z", "user": 1, "content_type": 4, "object_id": "3", "object_repr": "rardiles", "action_flag": 2, "change_message": "Changed is_staff and is_superuser."}}, {"model": "admin.logentry", "pk": 82, "fields": {"action_time": "2016-12-15T19:13:29.745Z", "user": 1, "content_type": 4, "object_id": "2", "object_repr": "ssteinig", "action_flag": 2, "change_message": "Changed password."}}, {"model": "admin.logentry", "pk": 83, "fields": {"action_time": "2016-12-15T19:14:19.971Z", "user": 1, "content_type": 4, "object_id": "4", "object_repr": "rvillegas", "action_flag": 1, "change_message": "Added."}}, {"model": "admin.logentry", "pk": 84, "fields": {"action_time": "2016-12-15T19:14:28.519Z", "user": 1, "content_type": 4, "object_id": "4", "object_repr": "rvillegas", "action_flag": 2, "change_message": "Changed is_staff and is_superuser."}}, {"model": "admin.logentry", "pk": 85, "fields": {"action_time": "2016-12-19T12:19:12.733Z", "user": 1, "content_type": 4, "object_id": "3", "object_repr": "rardiles", "action_flag": 2, "change_message": "Changed password."}}, {"model": "admin.logentry", "pk": 86, "fields": {"action_time": "2016-12-19T12:34:11.438Z", "user": 1, "content_type": 10, "object_id": "16", "object_repr": "Gran Santiago Participacion Modal - Bicicleta", "action_flag": 1, "change_message": "Added."}}, {"model": "admin.logentry", "pk": 87, "fields": {"action_time": "2016-12-19T12:37:06.262Z", "user": 1, "content_type": 7, "object_id": "1", "object_repr": "Gran Santiago", "action_flag": 2, "change_message": "Changed descripcion."}}, {"model": "admin.logentry", "pk": 88, "fields": {"action_time": "2016-12-19T12:55:27.603Z", "user": 3, "content_type": 7, "object_id": "7", "object_repr": "Valdivia", "action_flag": 2, "change_message": "Changed imagen and descripcion."}}, {"model": "admin.logentry", "pk": 89, "fields": {"action_time": "2016-12-19T12:56:17.260Z", "user": 3, "content_type": 7, "object_id": "6", "object_repr": "Gran Concepcion", "action_flag": 2, "change_message": "Changed imagen and descripcion."}}, {"model": "admin.logentry", "pk": 90, "fields": {"action_time": "2016-12-19T12:56:43.089Z", "user": 3, "content_type": 7, "object_id": "5", "object_repr": "La Serena", "action_flag": 2, "change_message": "Changed imagen and descripcion."}}, {"model": "admin.logentry", "pk": 91, "fields": {"action_time": "2016-12-19T12:57:05.965Z", "user": 3, "content_type": 7, "object_id": "4", "object_repr": "Copiap\u00f3", "action_flag": 2, "change_message": "Changed imagen and descripcion."}}, {"model": "admin.logentry", "pk": 92, "fields": {"action_time": "2016-12-19T12:57:24.473Z", "user": 3, "content_type": 7, "object_id": "3", "object_repr": "Temuco", "action_flag": 2, "change_message": "Changed imagen and descripcion."}}, {"model": "admin.logentry", "pk": 93, "fields": {"action_time": "2016-12-19T12:57:34.141Z", "user": 3, "content_type": 7, "object_id": "1", "object_repr": "Gran Santiago", "action_flag": 2, "change_message": "Changed imagen."}}, {"model": "admin.logentry", "pk": 94, "fields": {"action_time": "2016-12-19T13:36:58.359Z", "user": 3, "content_type": 8, "object_id": "5", "object_repr": "Planificacion Integrada", "action_flag": 2, "change_message": "Changed icono."}}, {"model": "admin.logentry", "pk": 95, "fields": {"action_time": "2016-12-19T13:37:04.239Z", "user": 3, "content_type": 8, "object_id": "4", "object_repr": "Entorno Construido", "action_flag": 2, "change_message": "Changed icono."}}, {"model": "admin.logentry", "pk": 96, "fields": {"action_time": "2016-12-19T13:37:09.869Z", "user": 3, "content_type": 8, "object_id": "3", "object_repr": "Acceso y Movilidad", "action_flag": 2, "change_message": "Changed icono."}}, {"model": "admin.logentry", "pk": 97, "fields": {"action_time": "2016-12-19T13:43:55.160Z", "user": 3, "content_type": 9, "object_id": "12", "object_repr": "Participaci\u00f3n ciudadana", "action_flag": 2, "change_message": "Changed icono."}}, {"model": "admin.logentry", "pk": 98, "fields": {"action_time": "2016-12-19T13:44:04.650Z", "user": 3, "content_type": 9, "object_id": "11", "object_repr": "Estado de salud de infante", "action_flag": 2, "change_message": "Changed icono."}}, {"model": "admin.logentry", "pk": 99, "fields": {"action_time": "2016-12-19T13:44:13.542Z", "user": 3, "content_type": 9, "object_id": "10", "object_repr": "Estado de salud de adulto", "action_flag": 2, "change_message": "Changed icono."}}, {"model": "admin.logentry", "pk": 100, "fields": {"action_time": "2016-12-19T13:44:25.268Z", "user": 3, "content_type": 9, "object_id": "9", "object_repr": "Dotacion de Parques y Espacios Publicos", "action_flag": 2, "change_message": "Changed icono."}}, {"model": "admin.logentry", "pk": 101, "fields": {"action_time": "2016-12-19T13:44:33.923Z", "user": 3, "content_type": 9, "object_id": "8", "object_repr": "Participaci\u00f3n Modal - Transporte Publico", "action_flag": 2, "change_message": "Changed icono."}}, {"model": "admin.logentry", "pk": 102, "fields": {"action_time": "2016-12-19T13:44:38.394Z", "user": 3, "content_type": 9, "object_id": "8", "object_repr": "Participaci\u00f3n Modal - Transporte Publico", "action_flag": 2, "change_message": "No fields changed."}}, {"model": "admin.logentry", "pk": 103, "fields": {"action_time": "2016-12-19T13:44:47.786Z", "user": 3, "content_type": 9, "object_id": "7", "object_repr": "Participacion Modal - Caminata", "action_flag": 2, "change_message": "Changed icono."}}, {"model": "admin.logentry", "pk": 104, "fields": {"action_time": "2016-12-19T13:44:58.941Z", "user": 3, "content_type": 9, "object_id": "6", "object_repr": "Participacion Modal - Bicicleta", "action_flag": 2, "change_message": "Changed icono."}}, {"model": "admin.logentry", "pk": 105, "fields": {"action_time": "2016-12-19T13:45:05.188Z", "user": 3, "content_type": 9, "object_id": "5", "object_repr": "Participacion Modal - Auto", "action_flag": 2, "change_message": "Changed icono."}}, {"model": "admin.logentry", "pk": 106, "fields": {"action_time": "2016-12-19T14:28:53.174Z", "user": 3, "content_type": 8, "object_id": "5", "object_repr": "Planificacion Integrada", "action_flag": 2, "change_message": "Changed background."}}, {"model": "admin.logentry", "pk": 107, "fields": {"action_time": "2016-12-19T14:29:04.422Z", "user": 3, "content_type": 8, "object_id": "4", "object_repr": "Entorno Construido", "action_flag": 2, "change_message": "Changed background."}}, {"model": "admin.logentry", "pk": 108, "fields": {"action_time": "2016-12-19T14:29:22.901Z", "user": 3, "content_type": 8, "object_id": "3", "object_repr": "Acceso y Movilidad", "action_flag": 2, "change_message": "Changed background."}}, {"model": "admin.logentry", "pk": 109, "fields": {"action_time": "2016-12-19T19:45:05.129Z", "user": 1, "content_type": 9, "object_id": "33", "object_repr": "\"Ocupaci\u00f3n femenina\"", "action_flag": 1, "change_message": "Added."}}, {"model": "admin.logentry", "pk": 110, "fields": {"action_time": "2016-12-19T19:49:00.837Z", "user": 1, "content_type": 9, "object_id": "35", "object_repr": " 2015 y 2016\"", "action_flag": 3, "change_message": ""}}, {"model": "admin.logentry", "pk": 111, "fields": {"action_time": "2016-12-19T19:49:17.437Z", "user": 1, "content_type": 9, "object_id": "34", "object_repr": "\"Numero de solicitudes entre 2014, 2015 y 2016\"", "action_flag": 2, "change_message": "Changed variable, descripcion and estado."}}, {"model": "admin.logentry", "pk": 112, "fields": {"action_time": "2016-12-19T19:49:57.255Z", "user": 1, "content_type": 9, "object_id": "36", "object_repr": "\"Poblaci\u00f3n proyectada 2016\"", "action_flag": 1, "change_message": "Added."}}, {"model": "admin.logentry", "pk": 113, "fields": {"action_time": "2016-12-19T19:50:12.315Z", "user": 1, "content_type": 9, "object_id": "37", "object_repr": "\"Numero de solicitudes por cada 10000 habitantes\"", "action_flag": 1, "change_message": "Added."}}, {"model": "admin.logentry", "pk": 114, "fields": {"action_time": "2016-12-19T19:52:28.776Z", "user": 1, "content_type": 9, "object_id": "38", "object_repr": "\"N\u00famero de ni\u00f1os bajo linea de pobreza\"", "action_flag": 1, "change_message": "Added."}}, {"model": "admin.logentry", "pk": 115, "fields": {"action_time": "2016-12-19T19:52:40.618Z", "user": 1, "content_type": 9, "object_id": "39", "object_repr": "\"N\u00famero total de ni\u00f1os\"", "action_flag": 1, "change_message": "Added."}}, {"model": "admin.logentry", "pk": 116, "fields": {"action_time": "2016-12-19T19:52:53.735Z", "user": 1, "content_type": 9, "object_id": "40", "object_repr": "\"Pobreza infantil\"", "action_flag": 1, "change_message": "Added."}}, {"model": "admin.logentry", "pk": 117, "fields": {"action_time": "2016-12-19T19:56:56.411Z", "user": 1, "content_type": 9, "object_id": "54", "object_repr": "\"Poblaci\u00f3n total (2013)\"", "action_flag": 1, "change_message": "Added."}}, {"model": "admin.logentry", "pk": 118, "fields": {"action_time": "2016-12-19T19:57:11.942Z", "user": 1, "content_type": 9, "object_id": "55", "object_repr": "\"Porcentaje votantes\"", "action_flag": 1, "change_message": "Added."}}, {"model": "admin.logentry", "pk": 119, "fields": {"action_time": "2016-12-19T19:58:18.495Z", "user": 1, "content_type": 9, "object_id": "56", "object_repr": "\"Participando en una organizaci\u00f3n o grupo asociado\"", "action_flag": 1, "change_message": "Added."}}, {"model": "admin.logentry", "pk": 120, "fields": {"action_time": "2016-12-19T19:59:03.532Z", "user": 1, "content_type": 9, "object_id": "57", "object_repr": "\"Total\"", "action_flag": 1, "change_message": "Added."}}, {"model": "admin.logentry", "pk": 121, "fields": {"action_time": "2016-12-19T19:59:16.603Z", "user": 1, "content_type": 9, "object_id": "58", "object_repr": "\"Porcentaje\"", "action_flag": 1, "change_message": "Added."}}, {"model": "admin.logentry", "pk": 122, "fields": {"action_time": "2016-12-19T20:00:30.315Z", "user": 1, "content_type": 9, "object_id": "59", "object_repr": "\"Poblaci\u00f3n total (2009)\"", "action_flag": 1, "change_message": "Added."}}, {"model": "admin.logentry", "pk": 123, "fields": {"action_time": "2016-12-19T20:00:51.271Z", "user": 1, "content_type": 9, "object_id": "60", "object_repr": "\"Residuos per c\u00e1pita por d\u00eda (kg)\"", "action_flag": 1, "change_message": "Added."}}, {"model": "admin.logentry", "pk": 124, "fields": {"action_time": "2016-12-19T20:01:02.979Z", "user": 1, "content_type": 9, "object_id": "61", "object_repr": "\"Residuos per c\u00e1pita por a\u00f1o (kg)\"", "action_flag": 1, "change_message": "Added."}}, {"model": "admin.logentry", "pk": 125, "fields": {"action_time": "2016-12-19T20:14:14.887Z", "user": 1, "content_type": 9, "object_id": "8", "object_repr": "Participaci\u00f3n Modal - Transporte Publico", "action_flag": 3, "change_message": ""}}, {"model": "admin.logentry", "pk": 126, "fields": {"action_time": "2016-12-19T20:14:14.896Z", "user": 1, "content_type": 9, "object_id": "7", "object_repr": "Participacion Modal - Caminata", "action_flag": 3, "change_message": ""}}, {"model": "admin.logentry", "pk": 127, "fields": {"action_time": "2016-12-19T20:14:14.902Z", "user": 1, "content_type": 9, "object_id": "6", "object_repr": "Participacion Modal - Bicicleta", "action_flag": 3, "change_message": ""}}, {"model": "admin.logentry", "pk": 128, "fields": {"action_time": "2016-12-19T20:14:14.908Z", "user": 1, "content_type": 9, "object_id": "5", "object_repr": "Participacion Modal - Auto", "action_flag": 3, "change_message": ""}}, {"model": "admin.logentry", "pk": 129, "fields": {"action_time": "2016-12-19T20:16:02.205Z", "user": 1, "content_type": 8, "object_id": "5", "object_repr": "Planificacion Integrada", "action_flag": 3, "change_message": ""}}, {"model": "admin.logentry", "pk": 130, "fields": {"action_time": "2016-12-19T20:16:02.231Z", "user": 1, "content_type": 8, "object_id": "4", "object_repr": "Entorno Construido", "action_flag": 3, "change_message": ""}}, {"model": "admin.logentry", "pk": 131, "fields": {"action_time": "2016-12-19T20:16:02.237Z", "user": 1, "content_type": 8, "object_id": "3", "object_repr": "Acceso y Movilidad", "action_flag": 3, "change_message": ""}}, {"model": "admin.logentry", "pk": 132, "fields": {"action_time": "2016-12-19T20:18:42.289Z", "user": 3, "content_type": 8, "object_id": "15", "object_repr": "Residuos", "action_flag": 2, "change_message": "Changed icono and background."}}, {"model": "admin.logentry", "pk": 133, "fields": {"action_time": "2016-12-19T20:20:05.583Z", "user": 3, "content_type": 8, "object_id": "14", "object_repr": "Estado salud infante", "action_flag": 2, "change_message": "Changed icono and background."}}, {"model": "admin.logentry", "pk": 134, "fields": {"action_time": "2016-12-19T20:21:48.274Z", "user": 3, "content_type": 8, "object_id": "13", "object_repr": "Deuda municipal", "action_flag": 2, "change_message": "Changed icono and background."}}, {"model": "admin.logentry", "pk": 135, "fields": {"action_time": "2016-12-19T20:27:13.598Z", "user": 3, "content_type": 8, "object_id": "13", "object_repr": "Deuda municipal", "action_flag": 2, "change_message": "No fields changed."}}, {"model": "admin.logentry", "pk": 136, "fields": {"action_time": "2016-12-19T20:28:45.163Z", "user": 3, "content_type": 8, "object_id": "12", "object_repr": "Calidad de aire", "action_flag": 2, "change_message": "Changed icono and background."}}, {"model": "admin.logentry", "pk": 137, "fields": {"action_time": "2016-12-19T20:29:02.811Z", "user": 3, "content_type": 8, "object_id": "11", "object_repr": "Pobreza infantil", "action_flag": 2, "change_message": "Changed icono and background."}}, {"model": "admin.logentry", "pk": 138, "fields": {"action_time": "2016-12-19T20:29:16.665Z", "user": 3, "content_type": 8, "object_id": "10", "object_repr": "Participacion ciudadana", "action_flag": 2, "change_message": "Changed icono and background."}}, {"model": "admin.logentry", "pk": 139, "fields": {"action_time": "2016-12-19T20:29:52.924Z", "user": 3, "content_type": 8, "object_id": "9", "object_repr": "Ocupacion femenina", "action_flag": 2, "change_message": "Changed icono and background."}}, {"model": "admin.logentry", "pk": 140, "fields": {"action_time": "2016-12-19T20:30:19.219Z", "user": 3, "content_type": 8, "object_id": "8", "object_repr": "Estado salud adulto", "action_flag": 2, "change_message": "Changed icono and background."}}, {"model": "admin.logentry", "pk": 141, "fields": {"action_time": "2016-12-19T20:31:19.343Z", "user": 3, "content_type": 8, "object_id": "7", "object_repr": "Calidad de salud", "action_flag": 2, "change_message": "Changed icono and background."}}, {"model": "admin.logentry", "pk": 142, "fields": {"action_time": "2016-12-19T20:32:02.966Z", "user": 3, "content_type": 8, "object_id": "6", "object_repr": "Acceso a tecnologias de la informacion", "action_flag": 2, "change_message": "Changed icono and background."}}, {"model": "admin.logentry", "pk": 143, "fields": {"action_time": "2017-05-17T15:35:44.302Z", "user": 1, "content_type": 4, "object_id": "4", "object_repr": "rvillegas", "action_flag": 2, "change_message": "Changed is_superuser and user_permissions."}}, {"model": "admin.logentry", "pk": 144, "fields": {"action_time": "2017-05-17T15:36:32.007Z", "user": 1, "content_type": 4, "object_id": "5", "object_repr": "helenf", "action_flag": 1, "change_message": "Added."}}, {"model": "admin.logentry", "pk": 145, "fields": {"action_time": "2017-05-17T15:37:10.030Z", "user": 1, "content_type": 4, "object_id": "5", "object_repr": "helenf", "action_flag": 2, "change_message": "Changed first_name, last_name, is_staff and user_permissions."}}, {"model": "admin.logentry", "pk": 146, "fields": {"action_time": "2017-05-17T15:37:29.018Z", "user": 1, "content_type": 3, "object_id": "1", "object_repr": "Ingresadores de datos", "action_flag": 1, "change_message": "Added."}}, {"model": "admin.logentry", "pk": 147, "fields": {"action_time": "2017-05-17T15:37:41.629Z", "user": 1, "content_type": 4, "object_id": "5", "object_repr": "helenf", "action_flag": 2, "change_message": "Changed groups and user_permissions."}}, {"model": "admin.logentry", "pk": 148, "fields": {"action_time": "2017-05-17T15:37:50.818Z", "user": 1, "content_type": 4, "object_id": "4", "object_repr": "rvillegas", "action_flag": 2, "change_message": "Changed groups and user_permissions."}}, {"model": "admin.logentry", "pk": 149, "fields": {"action_time": "2017-05-17T17:22:29.788Z", "user": 3, "content_type": 10, "object_id": "1", "object_repr": "Gran Santiago Tienen smartphone", "action_flag": 1, "change_message": "Added."}}, {"model": "admin.logentry", "pk": 150, "fields": {"action_time": "2017-05-17T17:33:42.958Z", "user": 3, "content_type": 10, "object_id": "2", "object_repr": "Temuco Razon defunciones prevenibles Otro", "action_flag": 1, "change_message": "Added."}}, {"model": "admin.logentry", "pk": 151, "fields": {"action_time": "2017-05-23T14:44:22.131Z", "user": 3, "content_type": 8, "object_id": "16", "object_repr": "Medio Ambiente", "action_flag": 1, "change_message": "Added."}}, {"model": "admin.logentry", "pk": 152, "fields": {"action_time": "2017-05-23T14:44:31.364Z", "user": 3, "content_type": 8, "object_id": "17", "object_repr": "Salud", "action_flag": 1, "change_message": "Added."}}, {"model": "admin.logentry", "pk": 153, "fields": {"action_time": "2017-05-23T14:44:47.259Z", "user": 3, "content_type": 8, "object_id": "18", "object_repr": "Equidad", "action_flag": 1, "change_message": "Added."}}, {"model": "admin.logentry", "pk": 154, "fields": {"action_time": "2017-05-23T14:44:55.728Z", "user": 3, "content_type": 8, "object_id": "19", "object_repr": "Accesibilidad", "action_flag": 1, "change_message": "Added."}}, {"model": "admin.logentry", "pk": 155, "fields": {"action_time": "2017-05-23T14:45:03.379Z", "user": 3, "content_type": 8, "object_id": "20", "object_repr": "Gobernancia", "action_flag": 1, "change_message": "Added."}}]